Date,MC,Amoeba,Type,dilute,Read1,rd1_new,diulte,Read2,rd_2_new,Avg,STDEV
0,195-2 MC+,A22.3,PC,1,38808,38808,1,39757,39757,,
0,195-2 MC+,A22.3,CHLA,1,5615.6,5615.6,1,5645.8,5645.8,,
2,195-2 MC+,A22.3,PC,1,31096,31096,1,32026,32026,,
2,195-2 MC+,A22.3,CHLA,1,3882.1,3882.1,1,3934.4,3934.4,,
5,195-2 MC+,A22.3,PC,1,29983,29983,1,26252,26252,,
5,195-2 MC+,A22.3,CHLA,1,3244,3244,1,2867.1,2867.1,,
7,195-2 MC+,A22.3,PC,1,44877,44877,1,60491,60491,,
7,195-2 MC+,A22.3,CHLA,1,4375.5,4375.5,1,5363.4,5363.4,,
9,195-2 MC+,A22.3,PC,1,55004,55004,1,56189,56189,,
9,195-2 MC+,A22.3,CHLA,1,5551.3,5551.3,1,5532.2,5532.2,,
12,195-2 MC+,A22.3,PC,1,101787,101787,1,93950,93950,,
12,195-2 MC+,A22.3,CHLA,1,9639.4,9639.4,1,8997.3,8997.3,,
14,195-2 MC+,A22.3,PC,0.5,103247,206494,0.5,89171,178342,,
14,195-2 MC+,A22.3,CHLA,0.5,10204,20408,0.5,8897.8,17795.6,,
16,195-2 MC+,A22.3,PC,0.33,60346,182866.6667,0.33,79803,241827.2727,,
16,195-2 MC+,A22.3,CHLA,0.33,7209.5,21846.9697,0.33,7846.6,23777.57576,,
0,195-2 MC+,A54.2,PC,1,38612,38612,1,34448,34448,,
0,195-2 MC+,A54.2,CHLA,1,5474.9,5474.9,1,5054.9,5054.9,,
2,195-2 MC+,A54.2,PC,1,30743,30743,1,30356,30356,,
2,195-2 MC+,A54.2,CHLA,1,3833.9,3833.9,1,3743.4,3743.4,,
5,195-2 MC+,A54.2,PC,1,25728,25728,1,24530,24530,,
5,195-2 MC+,A54.2,CHLA,1,3020.9,3020.9,1,2916.3,2916.3,,
7,195-2 MC+,A54.2,PC,1,55731,55731,1,54572,54572,,
7,195-2 MC+,A54.2,CHLA,1,5595.5,5595.5,1,5338.3,5338.3,,
9,195-2 MC+,A54.2,PC,1,89865,89865,1,92805,92805,,
9,195-2 MC+,A54.2,CHLA,1,8349,8349,1,8591.3,8591.3,,
12,195-2 MC+,A54.2,PC,0.5,87364,174728,0.5,78376,156752,,
12,195-2 MC+,A54.2,CHLA,0.5,8390.3,16780.6,0.5,8093.8,16187.6,,
14,195-2 MC+,A54.2,PC,0.5,100209,200418,0.5,94356,188712,,
14,195-2 MC+,A54.2,CHLA,0.5,10323,20646,0.5,9733.9,19467.8,,
16,195-2 MC+,A54.2,PC,0.33,71247,215900,0.33,69145,209530.303,,
16,195-2 MC+,A54.2,CHLA,0.33,7572.2,22946.06061,0.33,7750.1,23485.15152,,
0,195-2 MC+,I6-1,PC,1,43594,43594,1,43391,43391,,
0,195-2 MC+,I6-1,CHLA,1,6443.7,6443.7,1,6332.1,6332.1,,
2,195-2 MC+,I6-1,PC,1,33603,33603,1,35247,35247,,
2,195-2 MC+,I6-1,CHLA,1,4326.3,4326.3,1,4451.9,4451.9,,
5,195-2 MC+,I6-1,PC,1,29400,29400,1,28412,28412,,
5,195-2 MC+,I6-1,CHLA,1,3572.6,3572.6,1,3460,3460,,
7,195-2 MC+,I6-1,PC,1,51947,51947,1,53571,53571,,
7,195-2 MC+,I6-1,CHLA,1,5425.6,5425.6,1,5793.5,5793.5,,
9,195-2 MC+,I6-1,PC,1,80792,80792,1,85054,85054,,
9,195-2 MC+,I6-1,CHLA,1,8151.1,8151.1,1,7886.8,7886.8,,
12,195-2 MC+,I6-1,PC,0.5,80438,160876,0.5,78736,157472,,
12,195-2 MC+,I6-1,CHLA,0.5,8005.4,16010.8,0.5,7875.8,15751.6,,
14,195-2 MC+,I6-1,PC,0.5,94939,189878,0.5,96667,193334,,
14,195-2 MC+,I6-1,CHLA,0.5,9543,19086,0.5,9933.8,19867.6,,
16,195-2 MC+,I6-1,PC,0.33,64399,195148.4848,0.33,59823,181281.8182,,
16,195-2 MC+,I6-1,CHLA,0.33,7120,21575.75758,0.33,6898,20903.0303,,
0,195-2 MC+,I6-2,PC,1,41885,41885,1,45237,45237,,
0,195-2 MC+,I6-2,CHLA,1,5714.1,5714.1,1,5966.4,5966.4,,
2,195-2 MC+,I6-2,PC,1,31600,31600,1,28477,28477,,
2,195-2 MC+,I6-2,CHLA,1,3814.7,3814.7,1,3434.9,3434.9,,
5,195-2 MC+,I6-2,PC,1,38847,38847,1,43037,43037,,
5,195-2 MC+,I6-2,CHLA,1,4557.4,4557.4,1,4697.1,4697.1,,
7,195-2 MC+,I6-2,PC,1,77649,77649,1,77256,77256,,
7,195-2 MC+,I6-2,CHLA,1,8164.2,8164.2,1,7988.3,7988.3,,
9,195-2 MC+,I6-2,PC,1,106140,106140,1,102337,102337,,
9,195-2 MC+,I6-2,CHLA,1,10912,10912,1,10860,10860,,
12,195-2 MC+,I6-2,PC,0.5,93558,187116,0.5,91018,182036,,
12,195-2 MC+,I6-2,CHLA,0.5,10141,20282,0.5,9378.1,18756.2,,
14,195-2 MC+,I6-2,PC,0.5,89027,178054,0.5,100216,200432,,
14,195-2 MC+,I6-2,CHLA,0.5,10365,20730,0.5,10453,20906,,
16,195-2 MC+,I6-2,PC,0.5,69479,138958,0.5,53505,107010,,
16,195-2 MC+,I6-2,CHLA,0.5,9853.4,19706.8,0.5,10174,20348,,
0,195-2 MC+,I7-2,PC,1,42533,42533,1,40772,40772,,
0,195-2 MC+,I7-2,CHLA,1,5732.2,5732.2,1,5412.6,5412.6,,
2,195-2 MC+,I7-2,PC,1,32307,32307,1,32582,32582,,
2,195-2 MC+,I7-2,CHLA,1,3897.2,3897.2,1,3984.6,3984.6,,
5,195-2 MC+,I7-2,PC,1,27155,27155,1,25603,25603,,
5,195-2 MC+,I7-2,CHLA,1,3346.5,3346.5,1,3064,3064,,
7,195-2 MC+,I7-2,PC,1,54657,54657,1,57191,57191,,
7,195-2 MC+,I7-2,CHLA,1,5772.4,5772.4,1,6222.6,6222.6,,
9,195-2 MC+,I7-2,PC,1,93970,93970,1,97472,97472,,
9,195-2 MC+,I7-2,CHLA,1,8933.9,8933.9,1,9505.8,9505.8,,
12,195-2 MC+,I7-2,PC,0.5,85054,170108,0.5,82382,164764,,
12,195-2 MC+,I7-2,CHLA,0.5,8315.9,16631.8,0.5,8068.7,16137.4,,
14,195-2 MC+,I7-2,PC,0.5,100955,201910,0.5,98834,197668,,
14,195-2 MC+,I7-2,CHLA,0.5,10304,20608,0.5,10091,20182,,
16,195-2 MC+,I7-2,PC,0.5,90324,180648,0.5,93315,186630,,
16,195-2 MC+,I7-2,CHLA,0.5,10251,20502,0.5,10124,20248,,
0,195-2 MC+,U,PC,1,38029,38029,1,38324,38324,,
0,195-2 MC+,U,CHLA,1,5133.2,5133.2,1,4668.9,4668.9,,
2,195-2 MC+,U,PC,1,23954,23954,1,25289,25289,,
2,195-2 MC+,U,CHLA,1,2956.5,2956.5,1,3024.9,3024.9,,
5,195-2 MC+,U,PC,1,28870,28870,1,29675,29675,,
5,195-2 MC+,U,CHLA,1,2982.7,2982.7,1,3116.3,3116.3,,
7,195-2 MC+,U,PC,1,44811,44811,1,39587,39587,,
7,195-2 MC+,U,CHLA,1,4385.5,4385.5,1,4035.8,4035.8,,
9,195-2 MC+,U,PC,1,64949,64949,1,61734,61734,,
9,195-2 MC+,U,CHLA,1,5809.5,5809.5,1,5631.6,5631.6,,
12,195-2 MC+,U,PC,1,76216,76216,1,85106,85106,,
12,195-2 MC+,U,CHLA,1,7064.7,7064.7,1,7434.5,7434.5,,
14,195-2 MC+,U,PC,0.5,78507,157014,0.5,66782,133564,,
14,195-2 MC+,U,CHLA,0.5,7359.2,14718.4,0.5,6293,12586,,
16,195-2 MC+,U,PC,0.33,55613,168524.2424,0.33,64202,194551.5152,,
16,195-2 MC+,U,CHLA,0.33,5671.8,17187.27273,0.33,6322.1,19157.87879,,
0,195-2 MC+,WC-1,PC,1,38363,38363,1,39109,39109,,
0,195-2 MC+,WC-1,CHLA,1,5308.1,5308.1,1,5231.7,5231.7,,
2,195-2 MC+,WC-1,PC,1,30985,30985,1,30265,30265,,
2,195-2 MC+,WC-1,CHLA,1,3695.1,3695.1,1,3659,3659,,
5,195-2 MC+,WC-1,PC,1,29361,29361,1,28418,28418,,
5,195-2 MC+,WC-1,CHLA,1,3132.4,3132.4,1,3180.7,3180.7,,
7,195-2 MC+,WC-1,PC,1,53328,53328,1,56065,56065,,
7,195-2 MC+,WC-1,CHLA,1,5433.8,5433.8,1,5918.2,5918.2,,
9,195-2 MC+,WC-1,PC,1,76988,76988,1,84032,84032,,
9,195-2 MC+,WC-1,CHLA,1,6947.2,6947.2,1,8108.9,8108.9,,
12,195-2 MC+,WC-1,PC,0.5,70690,141380,0.5,82461,164922,,
12,195-2 MC+,WC-1,CHLA,0.5,7262.7,14525.4,0.5,8279.8,16559.6,,
14,195-2 MC+,WC-1,PC,0.5,97571,195142,0.5,100072,200144,,
14,195-2 MC+,WC-1,CHLA,0.5,9984.1,19968.2,0.5,10144,20288,,
16,195-2 MC+,WC-1,PC,0.5,97806,195612,0.5,92281,184562,,
16,195-2 MC+,WC-1,CHLA,0.5,10148,20296,0.5,9898.7,19797.4,,
0,22.1-1 MC+,A22.3,PC,1,59829,59829,1,62854,62854,,
0,22.1-1 MC+,A22.3,CHLA,1,5735.2,5735.2,1,6363.3,6363.3,,
2,22.1-1 MC+,A22.3,PC,1,24510,24510,1,24032,24032,,
2,22.1-1 MC+,A22.3,CHLA,1,3040,3040,1,2934.5,2934.5,,
5,22.1-1 MC+,A22.3,PC,1,28903,28903,1,39273,39273,,
5,22.1-1 MC+,A22.3,CHLA,1,3489.1,3489.1,1,4731.3,4731.3,,
7,22.1-1 MC+,A22.3,PC,1,78821,78821,1,65754,65754,,
7,22.1-1 MC+,A22.3,CHLA,1,7441.6,7441.6,1,6677.8,6677.8,,
9,22.1-1 MC+,A22.3,PC,1,65636,65636,1,50880,50880,,
9,22.1-1 MC+,A22.3,CHLA,1,6810.5,6810.5,1,6243.7,6243.7,,
12,22.1-1 MC+,A22.3,PC,0.5,89276,178552,0.5,73852,147704,,
12,22.1-1 MC+,A22.3,CHLA,0.5,8298.3,16596.6,0.5,7196.4,14392.8,,
14,22.1-1 MC+,A22.3,PC,0.5,101459,202918,0.5,98396,196792,,
14,22.1-1 MC+,A22.3,CHLA,0.5,9771,19542,0.5,9765,19530,,
16,22.1-1 MC+,A22.3,PC,1,93590,93590,1,101021,101021,,
16,22.1-1 MC+,A22.3,CHLA,1,12157,12157,1,11432,11432,,
0,22.1-1 MC+,A54.2,PC,1,56785,56785,1,63220,63220,,
0,22.1-1 MC+,A54.2,CHLA,1,5471.9,5471.9,1,6210.6,6210.6,,
2,22.1-1 MC+,A54.2,PC,1,16536,16536,1,27738,27738,,
2,22.1-1 MC+,A54.2,CHLA,1,2384.7,2384.7,1,3202.7,3202.7,,
5,22.1-1 MC+,A54.2,PC,1,40621,40621,1,35004,35004,,
5,22.1-1 MC+,A54.2,CHLA,1,4576.5,4576.5,1,4140.4,4140.4,,
7,22.1-1 MC+,A54.2,PC,1,47495,47495,1,57813,57813,,
7,22.1-1 MC+,A54.2,CHLA,1,5332.2,5332.2,1,6145.2,6145.2,,
9,22.1-1 MC+,A54.2,PC,1,56759,56759,1,62572,62572,,
9,22.1-1 MC+,A54.2,CHLA,1,6656.8,6656.8,1,7575.2,7575.2,,
12,22.1-1 MC+,A54.2,PC,0.5,86036,172072,0.5,79319,158638,,
12,22.1-1 MC+,A54.2,CHLA,0.5,9723.9,19447.8,0.5,8966.1,17932.2,,
14,22.1-1 MC+,A54.2,PC,0.5,96261,192522,0.5,100824,201648,,
14,22.1-1 MC+,A54.2,CHLA,0.5,10369,20738,0.5,10970,21940,,
16,22.1-1 MC+,A54.2,PC,0.5,65590,131180,1,74905,74905,,
16,22.1-1 MC+,A54.2,CHLA,0.5,9188.3,18376.6,1,11319,11319,,
0,22.1-1 MC+,I6-1,PC,1,67489,67489,1,67227,67227,,
0,22.1-1 MC+,I6-1,CHLA,1,7059.7,7059.7,1,7153.2,7153.2,,
2,22.1-1 MC+,I6-1,PC,1,33152,33152,1,29761,29761,,
2,22.1-1 MC+,I6-1,CHLA,1,4288.1,4288.1,1,3982.6,3982.6,,
5,22.1-1 MC+,I6-1,PC,1,40098,40098,1,46533,46533,,
5,22.1-1 MC+,I6-1,CHLA,1,5045.8,5045.8,1,5740.3,5740.3,,
7,22.1-1 MC+,I6-1,PC,1,53112,53112,1,56117,56117,,
7,22.1-1 MC+,I6-1,CHLA,1,6919,6919,1,7283.8,7283.8,,
9,22.1-1 MC+,I6-1,PC,1,56163,56163,1,58854,58854,,
9,22.1-1 MC+,I6-1,CHLA,1,7551.2,7551.2,1,7592.3,7592.3,,
12,22.1-1 MC+,I6-1,PC,0.5,60563,121126,0.5,67325,134650,,
12,22.1-1 MC+,I6-1,CHLA,0.5,8065.7,16131.4,0.5,8370.2,16740.4,,
14,22.1-1 MC+,I6-1,PC,0.5,77741,155482,0.5,77479,154958,,
14,22.1-1 MC+,I6-1,CHLA,0.5,10482,20964,0.5,10454,20908,,
16,22.1-1 MC+,I6-1,PC,1,76988,76988,1,74245,74245,,
16,22.1-1 MC+,I6-1,CHLA,1,14379,14379,1,13785,13785,,
0,22.1-1 MC+,I6-2,PC,1,69342,69342,1,69453,69453,,
0,22.1-1 MC+,I6-2,CHLA,1,6497.9,6497.9,1,6758.2,6758.2,,
2,22.1-1 MC+,I6-2,PC,1,37034,37034,1,40923,40923,,
2,22.1-1 MC+,I6-2,CHLA,1,3948.4,3948.4,1,4150.4,4150.4,,
5,22.1-1 MC+,I6-2,PC,1,37662,37662,1,36602,36602,,
5,22.1-1 MC+,I6-2,CHLA,1,4598.6,4598.6,1,4456.9,4456.9,,
7,22.1-1 MC+,I6-2,PC,1,74919,74919,1,75103,75103,,
7,22.1-1 MC+,I6-2,CHLA,1,7984.3,7984.3,1,8393.3,8393.3,,
9,22.1-1 MC+,I6-2,PC,1,98186,98186,1,104255,104255,,
9,22.1-1 MC+,I6-2,CHLA,1,9713.8,9713.8,1,11007,11007,,
12,22.1-1 MC+,I6-2,PC,0.5,96078,192156,0.5,77610,155220,,
12,22.1-1 MC+,I6-2,CHLA,0.5,10585,21170,0.5,9098.8,18197.6,,
14,22.1-1 MC+,I6-2,PC,0.5,83855,167710,0.5,91201,182402,,
14,22.1-1 MC+,I6-2,CHLA,0.5,9807.3,19614.6,0.5,10470,20940,,
16,22.1-1 MC+,I6-2,PC,1,72635,72635,1,68314,68314,,
16,22.1-1 MC+,I6-2,CHLA,1,12779,12779,1,12090,12090,,
0,22.1-1 MC+,I7-2,PC,1,69872,69872,1,69911,69911,,
0,22.1-1 MC+,I7-2,CHLA,1,6724,6724,1,6784.3,6784.3,,
2,22.1-1 MC+,I7-2,PC,1,18022,18022,1,21891,21891,,
2,22.1-1 MC+,I7-2,CHLA,1,2398.8,2398.8,1,2639.9,2639.9,,
5,22.1-1 MC+,I7-2,PC,1,42160,42160,1,35443,35443,,
5,22.1-1 MC+,I7-2,CHLA,1,4465.9,4465.9,1,4050.9,4050.9,,
7,22.1-1 MC+,I7-2,PC,1,50369,50369,1,53466,53466,,
7,22.1-1 MC+,I7-2,CHLA,1,5102.1,5102.1,1,5654.8,5654.8,,
9,22.1-1 MC+,I7-2,PC,1,65800,65800,1,74337,74337,,
9,22.1-1 MC+,I7-2,CHLA,1,6820.6,6820.6,1,7500.9,7500.9,,
12,22.1-1 MC+,I7-2,PC,1,102932,102932,1,106186,106186,,
12,22.1-1 MC+,I7-2,CHLA,1,10697,10697,1,10496,10496,,
14,22.1-1 MC+,I7-2,PC,0.5,90716,181432,0.5,92543,185086,,
14,22.1-1 MC+,I7-2,CHLA,0.5,8755.1,17510.2,0.5,10440,20880,,
16,22.1-1 MC+,I7-2,PC,1,82409,82409,1,95659,95659,,
16,22.1-1 MC+,I7-2,CHLA,1,10913,10913,1,11843,11843,,
0,22.1-1 MC+,U,PC,1,68130,68130,1,66409,66409,,
0,22.1-1 MC+,U,CHLA,1,5901.1,5901.1,1,6032.7,6032.7,,
2,22.1-1 MC+,U,PC,1,25132,25132,1,26448,26448,,
2,22.1-1 MC+,U,CHLA,1,2589.7,2589.7,1,2676.2,2676.2,,
5,22.1-1 MC+,U,PC,1,49099,49099,1,46029,46029,,
5,22.1-1 MC+,U,CHLA,1,4583.5,4583.5,1,4549.4,4549.4,,
7,22.1-1 MC+,U,PC,1,48955,48955,1,51358,51358,,
7,22.1-1 MC+,U,CHLA,1,4642.9,4642.9,1,4831.8,4831.8,,
9,22.1-1 MC+,U,PC,1,61741,61741,1,52772,52772,,
9,22.1-1 MC+,U,CHLA,1,6037.7,6037.7,1,6025.6,6025.6,,
12,22.1-1 MC+,U,PC,0.5,68615,137230,1,89590,89590,,
12,22.1-1 MC+,U,CHLA,0.5,6409.5,12819,1,8892.8,8892.8,,
14,22.1-1 MC+,U,PC,0.5,63914,127828,0.5,55855,111710,,
14,22.1-1 MC+,U,CHLA,0.5,7896.8,15793.6,0.5,7426.5,14853,,
16,22.1-1 MC+,U,PC,1,59247,59247,1,47829,47829,,
16,22.1-1 MC+,U,CHLA,1,11461,11461,1,10308,10308,,
0,22.1-1 MC+,WC-1,PC,1,63587,63587,1,63908,63908,,
0,22.1-1 MC+,WC-1,CHLA,1,5951.3,5951.3,1,6134.2,6134.2,,
2,22.1-1 MC+,WC-1,PC,1,27286,27286,1,27011,27011,,
2,22.1-1 MC+,WC-1,CHLA,1,2964.6,2964.6,1,2923.4,2923.4,,
5,22.1-1 MC+,WC-1,PC,1,35306,35306,1,27973,27973,,
5,22.1-1 MC+,WC-1,CHLA,1,4075.1,4075.1,1,3251,3251,,
7,22.1-1 MC+,WC-1,PC,1,50618,50618,1,62127,62127,,
7,22.1-1 MC+,WC-1,CHLA,1,5413.7,5413.7,1,6134.2,6134.2,,
9,22.1-1 MC+,WC-1,PC,1,58599,58599,1,79162,79162,,
9,22.1-1 MC+,WC-1,CHLA,1,5974.4,5974.4,1,7733,7733,,
12,22.1-1 MC+,WC-1,PC,1,103175,103175,0.5,98343,196686,,
12,22.1-1 MC+,WC-1,CHLA,1,10226,10226,0.5,9535.9,19071.8,,
14,22.1-1 MC+,WC-1,PC,0.5,85977,171954,0.5,55941,111882,,
14,22.1-1 MC+,WC-1,CHLA,0.5,8966.1,17932.2,0.5,7974.2,15948.4,,
16,22.1-1 MC+,WC-1,PC,1,40792,40792,1,77001,77001,,
16,22.1-1 MC+,WC-1,CHLA,1,7993.4,7993.4,1,10923,10923,,
0,22.1-2,A22.3,PC,1,21846,21846,1,22651,22651,,
0,22.1-2,A22.3,CHLA,1,3907.2,3907.2,1,4196.6,4196.6,,
2,22.1-2,A22.3,PC,1,38887,38887,1,37283,37283,,
2,22.1-2,A22.3,CHLA,1,4123.3,4123.3,1,4058,4058,,
5,22.1-2,A22.3,PC,1,57865,57865,1,63502,63502,,
5,22.1-2,A22.3,CHLA,1,5678.9,5678.9,1,5985.4,5985.4,,
7,22.1-2,A22.3,PC,1,72510,72510,1,82638,82638,,
7,22.1-2,A22.3,CHLA,1,7373.3,7373.3,1,8274.7,8274.7,,
9,22.1-2,A22.3,PC,0.5,64713,129426,0.5,76399,152798,,
9,22.1-2,A22.3,CHLA,0.5,7144.2,14288.4,0.5,7951.1,15902.2,,
12,22.1-2,A22.3,PC,0.5,97630,195260,0.5,77315,154630,,
12,22.1-2,A22.3,CHLA,0.5,9667.5,19335,0.5,8206.4,16412.8,,
14,22.1-2,A22.3,PC,0.5,83633,167266,0.5,66684,133368,,
14,22.1-2,A22.3,CHLA,0.5,8940,17880,0.5,7875.8,15751.6,,
16,22.1-2,A22.3,PC,1,64176,64176,1,64700,64700,,
16,22.1-2,A22.3,CHLA,1,10558,10558,1,10753,10753,,
0,22.1-2,A54.2,PC,1,22297,22297,1,21492,21492,,
0,22.1-2,A54.2,CHLA,1,4096.1,4096.1,1,4017.8,4017.8,,
2,22.1-2,A54.2,PC,1,36026,36026,1,35155,35155,,
2,22.1-2,A54.2,CHLA,1,4070,4070,1,3843.9,3843.9,,
5,22.1-2,A54.2,PC,1,56432,56432,1,62736,62736,,
5,22.1-2,A54.2,CHLA,1,5465.8,5465.8,1,6499,6499,,
7,22.1-2,A54.2,PC,1,94867,94867,1,94186,94186,,
7,22.1-2,A54.2,CHLA,1,8919.9,8919.9,1,9299.8,9299.8,,
9,22.1-2,A54.2,PC,0.5,83587,167174,0.5,79855,159710,,
9,22.1-2,A54.2,CHLA,0.5,8444.5,16889,0.5,8311.9,16623.8,,
12,22.1-2,A54.2,PC,0.5,88235,176470,0.5,99509,199018,,
12,22.1-2,A54.2,CHLA,0.5,8927.9,17855.8,0.5,9866.6,19733.2,,
14,22.1-2,A54.2,PC,0.5,75561,151122,0.5,59116,118232,,
14,22.1-2,A54.2,CHLA,0.5,8429.4,16858.8,0.5,7438.6,14877.2,,
16,22.1-2,A54.2,PC,1,67168,67168,1,53525,53525,,
16,22.1-2,A54.2,CHLA,1,10857,10857,1,10245,10245,,
0,22.1-2,I6-1,PC,1,28124,28124,1,28072,28072,,
0,22.1-2,I6-1,CHLA,1,5202.6,5202.6,1,5171.4,5171.4,,
2,22.1-2,I6-1,PC,1,36360,36360,1,36995,36995,,
2,22.1-2,I6-1,CHLA,1,4440.8,4440.8,1,4431,4431,,
5,22.1-2,I6-1,PC,1,88674,88674,1,96222,96222,,
5,22.1-2,I6-1,CHLA,1,8281.8,8281.8,1,9012.4,9012.4,,
7,22.1-2,I6-1,PC,1,102409,102409,0.5,86631,173262,,
7,22.1-2,I6-1,CHLA,1,10544,10544,0.5,8217.4,16434.8,,
9,22.1-2,I6-1,PC,0.5,87639,175278,0.5,104563,209126,,
9,22.1-2,I6-1,CHLA,0.5,9089.7,18179.4,0.5,10095,20190,,
12,22.1-2,I6-1,PC,0.5,78193,156386,0.5,85427,170854,,
12,22.1-2,I6-1,CHLA,0.5,8904.8,17809.6,0.5,9366,18732,,
14,22.1-2,I6-1,PC,0.5,55731,111462,0.5,57636,115272,,
14,22.1-2,I6-1,CHLA,0.5,9184.2,18368.4,0.5,8393.3,16786.6,,
16,22.1-2,I6-1,PC,1,55548,55548,1,64942,64942,,
16,22.1-2,I6-1,CHLA,1,11058,11058,1,11563,11563,,
0,22.1-2,I6-2,PC,1,28916,28916,1,30474,30474,,
0,22.1-2,I6-2,CHLA,1,4544.4,4544.4,1,4631.7,4631.7,,
2,22.1-2,I6-2,PC,1,42160,42160,1,42592,42592,,
2,22.1-2,I6-2,CHLA,1,4512.2,4512.2,1,4488.1,4488.1,,
5,22.1-2,I6-2,PC,1,97237,97237,1,82808,82808,,
5,22.1-2,I6-2,CHLA,1,8751,8751,1,8055.7,8055.7,,
7,22.1-2,I6-2,PC,0.5,81034,162068,0.5,75266,150532,,
7,22.1-2,I6-2,CHLA,0.5,8116.9,16233.8,0.5,7476.8,14953.6,,
9,22.1-2,I6-2,PC,0.5,96883,193766,0.5,94428,188856,,
9,22.1-2,I6-2,CHLA,0.5,9260.5,18521,0.5,8732,17464,,
12,22.1-2,I6-2,PC,0.5,99986,199972,0.5,79633,159266,,
12,22.1-2,I6-2,CHLA,0.5,10036,20072,0.5,8558.1,17116.2,,
14,22.1-2,I6-2,PC,0.5,51960,103920,0.5,85990,171980,,
14,22.1-2,I6-2,CHLA,0.5,7789.4,15578.8,0.5,9004.3,18008.6,,
16,22.1-2,I6-2,PC,1,49859,49859,1,102297,102297,,
16,22.1-2,I6-2,CHLA,1,9530.9,9530.9,1,16388,16388,,
0,22.1-2,I7-2,PC,1,27770,27770,1,28124,28124,,
0,22.1-2,I7-2,CHLA,1,4597.6,4597.6,1,4508.2,4508.2,,
2,22.1-2,I7-2,PC,1,41983,41983,1,39711,39711,,
2,22.1-2,I7-2,CHLA,1,4427.8,4427.8,1,4222.8,4222.8,,
5,22.1-2,I7-2,PC,1,81296,81296,1,82049,82049,,
5,22.1-2,I7-2,CHLA,1,7355.2,7355.2,1,7484.8,7484.8,,
7,22.1-2,I7-2,PC,0.5,70199,140398,0.5,72536,145072,,
7,22.1-2,I7-2,CHLA,0.5,6826.6,13653.2,0.5,7395.4,14790.8,,
9,22.1-2,I7-2,PC,0.5,96621,193242,0.5,88621,177242,,
9,22.1-2,I7-2,CHLA,0.5,9219.4,18438.8,0.5,8622.4,17244.8,,
12,22.1-2,I7-2,PC,0.5,88962,177924,0.5,100451,200902,,
12,22.1-2,I7-2,CHLA,0.5,9178.2,18356.4,0.5,9816.3,19632.6,,
14,22.1-2,I7-2,PC,1,80013,80013,1,61276,61276,,
14,22.1-2,I7-2,CHLA,1,9393.2,9393.2,1,8192.3,8192.3,,
16,22.1-2,I7-2,PC,1,50049,50049,1,33865,33865,,
16,22.1-2,I7-2,CHLA,1,9155,9155,1,8139.1,8139.1,,
0,22.1-2,U,PC,1,20556,20556,1,20713,20713,,
0,22.1-2,U,CHLA,1,3527.4,3527.4,1,3600.7,3600.7,,
2,22.1-2,U,PC,1,32785,32785,1,32733,32733,,
2,22.1-2,U,CHLA,1,3463,3463,1,3511.2,3511.2,,
5,22.1-2,U,PC,1,61479,61479,1,70428,70428,,
5,22.1-2,U,CHLA,1,5520.1,5520.1,1,6349.2,6349.2,,
7,22.1-2,U,PC,1,74631,74631,1,91672,91672,,
7,22.1-2,U,CHLA,1,6669.8,6669.8,1,8818.4,8818.4,,
9,22.1-2,U,PC,0.5,76327,152654,0.5,81977,163954,,
9,22.1-2,U,CHLA,0.5,7245.6,14491.2,0.5,8095.9,16191.8,,
12,22.1-2,U,PC,0.5,65106,130212,0.5,66055,132110,,
12,22.1-2,U,CHLA,0.5,7170.3,14340.6,0.5,6913,13826,,
14,22.1-2,U,PC,1,74108,74108,1,83633,83633,,
14,22.1-2,U,CHLA,1,8587.2,8587.2,1,8806.3,8806.3,,
16,22.1-2,U,PC,1,35914,35914,1,40124,40124,,
16,22.1-2,U,CHLA,1,7168.2,7168.2,1,7833.5,7833.5,,
0,22.1-2,WC-1,PC,1,23397,23397,1,22900,22900,,
0,22.1-2,WC-1,CHLA,1,4087.2,4087.2,1,3995.6,3995.6,,
2,22.1-2,WC-1,PC,1,32811,32811,1,33623,33623,,
2,22.1-2,WC-1,CHLA,1,3592.7,3592.7,1,3694.2,3694.2,,
5,22.1-2,WC-1,PC,1,49545,49545,1,46232,46232,,
5,22.1-2,WC-1,CHLA,1,5025.7,5025.7,1,4895.1,4895.1,,
7,22.1-2,WC-1,PC,1,72563,72563,1,76307,76307,,
7,22.1-2,WC-1,CHLA,1,7369.2,7369.2,1,7609.4,7609.4,,
9,22.1-2,WC-1,PC,0.5,71783,143566,0.5,63927,127854,,
9,22.1-2,WC-1,CHLA,0.5,7171.2,14342.4,0.5,6754.2,13508.4,,
12,22.1-2,WC-1,PC,0.5,68896,137792,0.5,83914,167828,,
12,22.1-2,WC-1,CHLA,0.5,7801.3,15602.6,0.5,8712.8,17425.6,,
14,22.1-2,WC-1,PC,1,82114,82114,1,80556,80556,,
14,22.1-2,WC-1,CHLA,1,11166,11166,1,10905,10905,,
16,22.1-2,WC-1,PC,1,42415,42415,1,41761,41761,,
16,22.1-2,WC-1,CHLA,1,10502,10502,1,9947,9947,,
0,52.2-2,A22.3,PC,1,25204,25204,1,25086,25086,,
0,52.2-2,A22.3,CHLA,1,4893,4893,1,4802.6,4802.6,,
2,52.2-2,A22.3,PC,1,32425,32425,1,31744,31744,,
2,52.2-2,A22.3,CHLA,1,3911.2,3911.2,1,3559.5,3559.5,,
5,52.2-2,A22.3,PC,1,31738,31738,1,47692,47692,,
5,52.2-2,A22.3,CHLA,1,3488.1,3488.1,1,5150.3,5150.3,,
7,52.2-2,A22.3,PC,1,55522,55522,1,78245,78245,,
7,52.2-2,A22.3,CHLA,1,5358.4,5358.4,1,7557.2,7557.2,,
9,52.2-2,A22.3,PC,1,78978,78978,1,94468,94468,,
9,52.2-2,A22.3,CHLA,1,7472.8,7472.8,1,8980.2,8980.2,,
12,52.2-2,A22.3,PC,0.5,93963,187926,0.5,73911,147822,,
12,52.2-2,A22.3,CHLA,0.5,9281.7,18563.4,0.5,7345.2,14690.4,,
14,52.2-2,A22.3,PC,0.5,98795,197590,0.5,93433,186866,,
14,52.2-2,A22.3,CHLA,0.5,10053,20106,0.5,9661.5,19323,,
16,52.2-2,A22.3,PC,0.5,84189,168378,0.5,52739,105478,,
16,52.2-2,A22.3,CHLA,0.5,9935.9,19871.8,0.5,9072.7,18145.4,,
0,52.2-2,A54.2,PC,1,24451,24451,1,23482,23482,,
0,52.2-2,A54.2,CHLA,1,4681,4681,1,4661.9,4661.9,,
2,52.2-2,A54.2,PC,1,33813,33813,1,35188,35188,,
2,52.2-2,A54.2,CHLA,1,4005.7,4005.7,1,4021.7,4021.7,,
5,52.2-2,A54.2,PC,1,68536,68536,1,77479,77479,,
5,52.2-2,A54.2,CHLA,1,6820.6,6820.6,1,7752.2,7752.2,,
7,52.2-2,A54.2,PC,1,101342,101342,1,100831,100831,,
7,52.2-2,A54.2,CHLA,1,10243,10243,1,11426,11426,,
9,52.2-2,A54.2,PC,0.5,101590,203180,0.5,98736,197472,,
9,52.2-2,A54.2,CHLA,0.5,10128,20256,0.5,9645.5,19291,,
12,52.2-2,A54.2,PC,0.33,81309,246390.9091,0.5,87783,175566,,
12,52.2-2,A54.2,CHLA,0.33,7777.3,23567.57576,0.5,8572.2,17144.4,,
14,52.2-2,A54.2,PC,0.5,72052,144104,0.5,50553,101106,,
14,52.2-2,A54.2,CHLA,0.5,8108.9,16217.8,0.5,6709,13418,,
16,52.2-2,A54.2,PC,1,77158,77158,1,51122,51122,,
16,52.2-2,A54.2,CHLA,1,10466,10466,1,8396.1,8396.1,,
0,52.2-2,I6-1,PC,1,28104,28104,1,28418,28418,,
0,52.2-2,I6-1,CHLA,1,5354.3,5354.3,1,5588.5,5588.5,,
2,52.2-2,I6-1,PC,1,38193,38193,1,36157,36157,,
2,52.2-2,I6-1,CHLA,1,4735.3,4735.3,1,4476,4476,,
5,52.2-2,I6-1,PC,1,93387,93387,1,87018,87018,,
5,52.2-2,I6-1,CHLA,1,8643.6,8643.6,1,8614.4,8614.4,,
7,52.2-2,I6-1,PC,0.5,74252,148504,0.5,75456,150912,,
7,52.2-2,I6-1,CHLA,0.5,7646.6,15293.2,0.5,7907.9,15815.8,,
9,52.2-2,I6-1,PC,0.5,92327,184654,0.5,96170,192340,,
9,52.2-2,I6-1,CHLA,0.5,9441.4,18882.8,0.5,10038,20076,,
12,52.2-2,I6-1,PC,0.5,92130,184260,0.5,103528,207056,,
12,52.2-2,I6-1,CHLA,0.5,10105,20210,0.5,11005,22010,,
14,52.2-2,I6-1,PC,0.5,83129,166258,0.5,62756,125512,,
14,52.2-2,I6-1,CHLA,0.5,9850.4,19700.8,0.5,9593.2,19186.4,,
16,52.2-2,I6-1,PC,1,73152,73152,1,69152,69152,,
16,52.2-2,I6-1,CHLA,1,12632,12632,1,11705,11705,,
0,52.2-2,I6-2,PC,1,30448,30448,1,31201,31201,,
0,52.2-2,I6-2,CHLA,1,5067.9,5067.9,1,5220.7,5220.7,,
2,52.2-2,I6-2,PC,1,36085,36085,1,39430,39430,,
2,52.2-2,I6-2,CHLA,1,4198.7,4198.7,1,4516.2,4516.2,,
5,52.2-2,I6-2,PC,1,97276,97276,1,90173,90173,,
5,52.2-2,I6-2,CHLA,1,9869.6,9869.6,1,8692.7,8692.7,,
7,52.2-2,I6-2,PC,0.5,81970,163940,0.5,78821,157642,,
7,52.2-2,I6-2,CHLA,0.5,7983.3,15966.6,0.5,8107.8,16215.6,,
9,52.2-2,I6-2,PC,0.5,102507,205014,0.5,96628,193256,,
9,52.2-2,I6-2,CHLA,0.5,10359,20718,0.5,10013,20026,,
12,52.2-2,I6-2,PC,0.33,80451,243790.9091,0.5,94022,188044,,
12,52.2-2,I6-2,CHLA,0.33,7588.4,22995.15152,0.5,9742.9,19485.8,,
14,52.2-2,I6-2,PC,0.5,63731,127462,0.5,50304,100608,,
14,52.2-2,I6-2,CHLA,0.5,8654.6,17309.2,0.5,7405.5,14811,,
16,52.2-2,I6-2,PC,1,56635,56635,1,48111,48111,,
16,52.2-2,I6-2,CHLA,1,9794.2,9794.2,1,10137,10137,,
0,52.2-2,I7-2,PC,1,29584,29584,1,28418,28418,,
0,52.2-2,I7-2,CHLA,1,5047.8,5047.8,1,4925.2,4925.2,,
2,52.2-2,I7-2,PC,1,37767,37767,1,37420,37420,,
2,52.2-2,I7-2,CHLA,1,4284.1,4284.1,1,4178.6,4178.6,,
5,52.2-2,I7-2,PC,1,72000,72000,1,73512,73512,,
5,52.2-2,I7-2,CHLA,1,7056.7,7056.7,1,7078.9,7078.9,,
7,52.2-2,I7-2,PC,1,100471,100471,1,87463,87463,,
7,52.2-2,I7-2,CHLA,1,9589.2,9589.2,1,9158.1,9158.1,,
9,52.2-2,I7-2,PC,0.5,70540,141080,0.5,87070,174140,,
9,52.2-2,I7-2,CHLA,0.5,7631.6,15263.2,0.5,8512.9,17025.8,,
12,52.2-2,I7-2,PC,0.5,62461,124922,0.5,81564,163128,,
12,52.2-2,I7-2,CHLA,0.5,7851.6,15703.2,0.5,8696.8,17393.6,,
14,52.2-2,I7-2,PC,0.5,36955,73910,1,71895,71895,,
14,52.2-2,I7-2,CHLA,0.5,7314,14628,1,9868.5,9868.5,,
16,52.2-2,I7-2,PC,1,42481,42481,1,40916,40916,,
16,52.2-2,I7-2,CHLA,1,9630.4,9630.4,1,9676.6,9676.6,,
0,52.2-2,U,PC,1,22252,22252,1,21512,21512,,
0,52.2-2,U,CHLA,1,4029.8,4029.8,1,4100.2,4100.2,,
2,52.2-2,U,PC,1,34834,34834,1,35600,35600,,
2,52.2-2,U,CHLA,1,3689.1,3689.1,1,3760.4,3760.4,,
5,52.2-2,U,PC,1,74206,74206,1,71384,71384,,
5,52.2-2,U,CHLA,1,6457.7,6457.7,1,6525.1,6525.1,,
7,52.2-2,U,PC,1,100307,100307,1,97387,97387,,
7,52.2-2,U,CHLA,1,8755.1,8755.1,1,8676.7,8676.7,,
9,52.2-2,U,PC,0.5,94723,189446,0.5,93571,187142,,
9,52.2-2,U,CHLA,0.5,9652.5,19305,0.5,9107.9,18215.8,,
12,52.2-2,U,PC,0.5,73335,146670,0.5,67247,134494,,
12,52.2-2,U,CHLA,0.5,8171.2,16342.4,0.5,7429.5,14859,,
14,52.2-2,U,PC,0.5,42396,84792,1,61826,61826,,
14,52.2-2,U,CHLA,0.5,6988.4,13976.8,1,8809.4,8809.4,,
16,52.2-2,U,PC,1,40458,40458,1,43436,43436,,
16,52.2-2,U,CHLA,1,8274.7,8274.7,1,9058.6,9058.6,,
0,52.2-2,WC-1,PC,1,25819,25819,1,24995,24995,,
0,52.2-2,WC-1,CHLA,1,4653.9,4653.9,1,4604.7,4604.7,,
2,52.2-2,WC-1,PC,1,32779,32779,1,33990,33990,,
2,52.2-2,WC-1,CHLA,1,3909.3,3909.3,1,3868,3868,,
5,52.2-2,WC-1,PC,1,67646,67646,1,62795,62795,,
5,52.2-2,WC-1,CHLA,1,6684.9,6684.9,1,6436.7,6436.7,,
7,52.2-2,WC-1,PC,1,94173,94173,1,86546,86546,,
7,52.2-2,WC-1,CHLA,1,9317.8,9317.8,1,8940,8940,,
9,52.2-2,WC-1,PC,0.5,84058,168116,0.5,57689,115378,,
9,52.2-2,WC-1,CHLA,0.5,8412.4,16824.8,0.5,6695,13390,,
12,52.2-2,WC-1,PC,0.5,44157,88314,1,64019,64019,,
12,52.2-2,WC-1,CHLA,0.5,7593.4,15186.8,1,9239.5,9239.5,,
14,52.2-2,WC-1,PC,1,30134,30134,1,37355,37355,,
14,52.2-2,WC-1,CHLA,1,8464.6,8464.6,1,8796.2,8796.2,,
16,52.2-2,WC-1,PC,1,28968,28968,1,19567,19567,,
16,52.2-2,WC-1,CHLA,1,8883.7,8883.7,1,9012.4,9012.4,,
0,52.2-3 MC+,A22.3,PC,1,41571,41571,1,40779,40779,,
0,52.2-3 MC+,A22.3,CHLA,1,4827.7,4827.7,1,4926.3,4926.3,,
2,52.2-3 MC+,A22.3,PC,1,24818,24818,1,31279,31279,,
2,52.2-3 MC+,A22.3,CHLA,1,3003.7,3003.7,1,3503.2,3503.2,,
5,52.2-3 MC+,A22.3,PC,1,36883,36883,1,32851,32851,,
5,52.2-3 MC+,A22.3,CHLA,1,4284.1,4284.1,1,4096.1,4096.1,,
7,52.2-3 MC+,A22.3,PC,1,61459,61459,1,89800,89800,,
7,52.2-3 MC+,A22.3,CHLA,1,6319.1,6319.1,1,8874.7,8874.7,,
9,52.2-3 MC+,A22.3,PC,0.5,67109,134218,0.5,82959,165918,,
9,52.2-3 MC+,A22.3,CHLA,0.5,7420.5,14841,0.5,8023.5,16047,,
12,52.2-3 MC+,A22.3,PC,0.5,76680,153360,0.5,75070,150140,,
12,52.2-3 MC+,A22.3,CHLA,0.5,8458.6,16917.2,0.5,7926,15852,,
14,52.2-3 MC+,A22.3,PC,0.5,92130,184260,0.5,78088,156176,,
14,52.2-3 MC+,A22.3,CHLA,0.5,8721.9,17443.8,0.5,8185.3,16370.6,,
16,52.2-3 MC+,A22.3,PC,1,64824,64824,1,64765,64765,,
16,52.2-3 MC+,A22.3,CHLA,1,8896.7,8896.7,1,8366.1,8366.1,,
0,52.2-3 MC+,A54.2,PC,1,43037,43037,1,41342,41342,,
0,52.2-3 MC+,A54.2,CHLA,1,5129.2,5129.2,1,5012.7,5012.7,,
2,52.2-3 MC+,A54.2,PC,1,26828,26828,1,26828,26828,,
2,52.2-3 MC+,A54.2,CHLA,1,3241.9,3241.9,1,3184.6,3184.6,,
5,52.2-3 MC+,A54.2,PC,1,37217,37217,1,39567,39567,,
5,52.2-3 MC+,A54.2,CHLA,1,4903.1,4903.1,1,4857.8,4857.8,,
7,52.2-3 MC+,A54.2,PC,1,80281,80281,1,80163,80163,,
7,52.2-3 MC+,A54.2,CHLA,1,8670.6,8670.6,1,8408.4,8408.4,,
9,52.2-3 MC+,A54.2,PC,0.5,77623,155246,0.5,78291,156582,,
9,52.2-3 MC+,A54.2,CHLA,0.5,8053.6,16107.2,0.5,8205.3,16410.6,,
12,52.2-3 MC+,A54.2,PC,0.5,87594,175188,0.5,80144,160288,,
12,52.2-3 MC+,A54.2,CHLA,0.5,9518.8,19037.6,0.5,8939,17878,,
14,52.2-3 MC+,A54.2,PC,0.5,71135,142270,0.5,65924,131848,,
14,52.2-3 MC+,A54.2,CHLA,0.5,7974.2,15948.4,0.5,7653.7,15307.4,,
16,52.2-3 MC+,A54.2,PC,1,67986,67986,1,64085,64085,,
16,52.2-3 MC+,A54.2,CHLA,1,9273.7,9273.7,1,9326.9,9326.9,,
0,52.2-3 MC+,I6-1,PC,1,45328,45328,1,47148,47148,,
0,52.2-3 MC+,I6-1,CHLA,1,5765.4,5765.4,1,6022.6,6022.6,,
2,52.2-3 MC+,I6-1,PC,1,29374,29374,1,29492,29492,,
2,52.2-3 MC+,I6-1,CHLA,1,3826.8,3826.8,1,3786.6,3786.6,,
5,52.2-3 MC+,I6-1,PC,1,43188,43188,1,46860,46860,,
5,52.2-3 MC+,I6-1,CHLA,1,5717.2,5717.2,1,5942.2,5942.2,,
7,52.2-3 MC+,I6-1,PC,1,82710,82710,1,84366,84366,,
7,52.2-3 MC+,I6-1,CHLA,1,9084.7,9084.7,1,9347,9347,,
9,52.2-3 MC+,I6-1,PC,1,103096,103096,0.5,78127,156254,,
9,52.2-3 MC+,I6-1,CHLA,1,10578,10578,0.5,8587.2,17174.4,,
12,52.2-3 MC+,I6-1,PC,0.5,89767,179534,0.5,81204,162408,,
12,52.2-3 MC+,I6-1,CHLA,0.5,9993.2,19986.4,0.5,9500.8,19001.6,,
14,52.2-3 MC+,I6-1,PC,0.5,51941,103882,0.5,68779,137558,,
14,52.2-3 MC+,I6-1,CHLA,0.5,8432.5,16865,0.5,8931.9,17863.8,,
16,52.2-3 MC+,I6-1,PC,1,67384,67384,1,44831,44831,,
16,52.2-3 MC+,I6-1,CHLA,1,10555,10555,1,10830,10830,,
0,52.2-3 MC+,I6-2,PC,1,48006,48006,1,46527,46527,,
0,52.2-3 MC+,I6-2,CHLA,1,5457.8,5457.8,1,5333.3,5333.3,,
2,52.2-3 MC+,I6-2,PC,1,32202,32202,1,31725,31725,,
2,52.2-3 MC+,I6-2,CHLA,1,3698.2,3698.2,1,3522.4,3522.4,,
5,52.2-3 MC+,I6-2,PC,1,43895,43895,1,41571,41571,,
5,52.2-3 MC+,I6-2,CHLA,1,5411.6,5411.6,1,5184.5,5184.5,,
7,52.2-3 MC+,I6-2,PC,1,92720,92720,1,89158,89158,,
7,52.2-3 MC+,I6-2,CHLA,1,10030,10030,1,9320.8,9320.8,,
9,52.2-3 MC+,I6-2,PC,0.5,72517,145034,0.5,80170,160340,,
9,52.2-3 MC+,I6-2,CHLA,0.5,7663.8,15327.6,0.5,8529.9,17059.8,,
12,52.2-3 MC+,I6-2,PC,0.5,87810,175620,0.5,76798,153596,,
12,52.2-3 MC+,I6-2,CHLA,0.5,9321.9,18643.8,0.5,9017.4,18034.8,,
14,52.2-3 MC+,I6-2,PC,0.5,69545,139090,0.5,67116,134232,,
14,52.2-3 MC+,I6-2,CHLA,0.5,8299.9,16599.8,0.5,7657.7,15315.4,,
16,52.2-3 MC+,I6-2,PC,1,77446,77446,1,68274,68274,,
16,52.2-3 MC+,I6-2,CHLA,1,10491,10491,1,9514.9,9514.9,,
0,52.2-3 MC+,I7-2,PC,1,46893,46893,1,45368,45368,,
0,52.2-3 MC+,I7-2,CHLA,1,5331.2,5331.2,1,5073.9,5073.9,,
2,52.2-3 MC+,I7-2,PC,1,29486,29486,1,29787,29787,,
2,52.2-3 MC+,I7-2,CHLA,1,3450.9,3450.9,1,3425.8,3425.8,,
5,52.2-3 MC+,I7-2,PC,1,44006,44006,1,43502,43502,,
5,52.2-3 MC+,I7-2,CHLA,1,5438.8,5438.8,1,5274.9,5274.9,,
7,52.2-3 MC+,I7-2,PC,1,80687,80687,1,88405,88405,,
7,52.2-3 MC+,I7-2,CHLA,1,8656.6,8656.6,1,8987.3,8987.3,,
9,52.2-3 MC+,I7-2,PC,0.5,70382,140764,0.5,83679,167358,,
9,52.2-3 MC+,I7-2,CHLA,0.5,7686.8,15373.6,0.5,8325,16650,,
12,52.2-3 MC+,I7-2,PC,0.5,90009,180018,0.5,72504,145008,,
12,52.2-3 MC+,I7-2,CHLA,0.5,10272,20544,0.5,7511.9,15023.8,,
14,52.2-3 MC+,I7-2,PC,0.5,80301,160602,0.5,70952,141904,,
14,52.2-3 MC+,I7-2,CHLA,0.5,8111,16222,0.5,8188.2,16376.4,,
16,52.2-3 MC+,I7-2,PC,1,69944,69944,1,72242,72242,,
16,52.2-3 MC+,I7-2,CHLA,1,9462.6,9462.6,1,10017,10017,,
0,52.2-3 MC+,U,PC,1,44013,44013,1,43397,43397,,
0,52.2-3 MC+,U,CHLA,1,4462,4462,1,4460.9,4460.9,,
2,52.2-3 MC+,U,PC,1,24405,24405,1,23914,23914,,
2,52.2-3 MC+,U,CHLA,1,2562.6,2562.6,1,2600.8,2600.8,,
5,52.2-3 MC+,U,PC,1,45322,45322,1,54448,54448,,
5,52.2-3 MC+,U,CHLA,1,4989.6,4989.6,1,5909.1,5909.1,,
7,52.2-3 MC+,U,PC,1,72661,72661,1,82756,82756,,
7,52.2-3 MC+,U,CHLA,1,6785.4,6785.4,1,7824.5,7824.5,,
9,52.2-3 MC+,U,PC,0.5,69669,139338,0.5,59967,119934,,
9,52.2-3 MC+,U,CHLA,0.5,7237.6,14475.2,0.5,6703,13406,,
12,52.2-3 MC+,U,PC,0.5,57211,114422,1,98945,98945,,
12,52.2-3 MC+,U,CHLA,0.5,6184.5,12369,1,9490.7,9490.7,,
14,52.2-3 MC+,U,PC,0.5,75482,150964,0.5,87783,175566,,
14,52.2-3 MC+,U,CHLA,0.5,7834.6,15669.2,0.5,8139.1,16278.2,,
16,52.2-3 MC+,U,PC,1,85505,85505,0.5,82756,165512,,
16,52.2-3 MC+,U,CHLA,1,8010.5,8010.5,0.5,7699.9,15399.8,,
0,52.2-3 MC+,WC-1,PC,1,43024,43024,1,41204,41204,,
0,52.2-3 MC+,WC-1,CHLA,1,4925.2,4925.2,1,4693.1,4693.1,,
2,52.2-3 MC+,WC-1,PC,1,27397,27397,1,35063,35063,,
2,52.2-3 MC+,WC-1,CHLA,1,3234.9,3234.9,1,4038.8,4038.8,,
5,52.2-3 MC+,WC-1,PC,1,44621,44621,1,37702,37702,,
5,52.2-3 MC+,WC-1,CHLA,1,5057.9,5057.9,1,4793.6,4793.6,,
7,52.2-3 MC+,WC-1,PC,1,85754,85754,1,75397,75397,,
7,52.2-3 MC+,WC-1,CHLA,1,8634.5,8634.5,1,7540.1,7540.1,,
9,52.2-3 MC+,WC-1,PC,0.5,82258,164516,0.5,69086,138172,,
9,52.2-3 MC+,WC-1,CHLA,0.5,8335,16670,0.5,7395.4,14790.8,,
12,52.2-3 MC+,WC-1,PC,0.5,81859,163718,0.5,91155,182310,,
12,52.2-3 MC+,WC-1,CHLA,0.5,9184.2,18368.4,0.5,9700.8,19401.6,,
14,52.2-3 MC+,WC-1,PC,0.5,73774,147548,0.5,60000,120000,,
14,52.2-3 MC+,WC-1,CHLA,0.5,9790.2,19580.4,0.5,8804.4,17608.8,,
16,52.2-3 MC+,WC-1,PC,0.5,57014,114028,0.5,40360,80720,,
16,52.2-3 MC+,WC-1,CHLA,0.5,9701.7,19403.4,0.5,8693.8,17387.6,,
0,LE17-5,A22.3,PC,1,46435,46435,1,47692,47692,,
0,LE17-5,A22.3,CHLA,1,4375.5,4375.5,1,4625.8,4625.8,,
2,LE17-5,A22.3,PC,1,17564,17564,1,16687,16687,,
2,LE17-5,A22.3,CHLA,1,1950.6,1950.6,1,1961.6,1961.6,,
5,LE17-5,A22.3,PC,1,60549,60549,1,61695,61695,,
5,LE17-5,A22.3,CHLA,1,5213.6,5213.6,1,5340.2,5340.2,,
7,LE17-5,A22.3,PC,1,81970,81970,1,87436,87436,,
7,LE17-5,A22.3,CHLA,1,7274.8,7274.8,1,7563.3,7563.3,,
9,LE17-5,A22.3,PC,1,72098,72098,1,80910,80910,,
9,LE17-5,A22.3,CHLA,1,6690.9,6690.9,1,7620.5,7620.5,,
12,LE17-5,A22.3,PC,0.5,76189,152378,0.5,87371,174742,,
12,LE17-5,A22.3,CHLA,0.5,6803.5,13607,0.5,7823.5,15647,,
14,LE17-5,A22.3,PC,0.5,95463,190926,0.5,96654,193308,,
14,LE17-5,A22.3,CHLA,0.5,8160.1,16320.2,0.5,8697.8,17395.6,,
16,LE17-5,A22.3,PC,0.33,80026,242503.0303,0.33,63914,193678.7879,,
16,LE17-5,A22.3,CHLA,0.33,7187.4,21780,0.33,6439.7,19514.24242,,
0,LE17-5,A54.2,PC,1,50839,50839,1,51443,51443,,
0,LE17-5,A54.2,CHLA,1,4676,4676,1,4737.3,4737.3,,
2,LE17-5,A54.2,PC,1,24792,24792,1,16314,16314,,
2,LE17-5,A54.2,CHLA,1,2469.1,2469.1,1,1906.3,1906.3,,
5,LE17-5,A54.2,PC,1,59162,59162,1,45643,45643,,
5,LE17-5,A54.2,CHLA,1,5054.9,5054.9,1,4235.9,4235.9,,
7,LE17-5,A54.2,PC,1,71816,71816,1,75567,75567,,
7,LE17-5,A54.2,CHLA,1,6221.6,6221.6,1,6731.1,6731.1,,
9,LE17-5,A54.2,PC,1,104157,104157,1,75810,75810,,
9,LE17-5,A54.2,CHLA,1,9984.1,9984.1,1,7452.7,7452.7,,
12,LE17-5,A54.2,PC,0.5,86828,173656,0.5,85034,170068,,
12,LE17-5,A54.2,CHLA,0.5,8248.5,16497,0.5,8515.9,17031.8,,
14,LE17-5,A54.2,PC,0.5,91116,182232,0.5,85846,171692,,
14,LE17-5,A54.2,CHLA,0.5,9366,18732,0.5,9225.4,18450.8,,
16,LE17-5,A54.2,PC,0.5,84923,169846,0.5,89924,179848,,
16,LE17-5,A54.2,CHLA,0.5,8724.9,17449.8,0.5,9110.9,18221.8,,
0,LE17-5,I6-1,PC,1,56366,56366,1,56497,56497,,
0,LE17-5,I6-1,CHLA,1,5656.8,5656.8,1,5704,5704,,
2,LE17-5,I6-1,PC,1,41374,41374,1,39613,39613,,
2,LE17-5,I6-1,CHLA,1,4183.6,4183.6,1,4094.1,4094.1,,
5,LE17-5,I6-1,PC,1,59797,59797,1,53427,53427,,
5,LE17-5,I6-1,CHLA,1,5962.3,5962.3,1,5555.3,5555.3,,
7,LE17-5,I6-1,PC,1,84772,84772,1,78121,78121,,
7,LE17-5,I6-1,CHLA,1,8152.1,8152.1,1,7983.3,7983.3,,
9,LE17-5,I6-1,PC,0.5,78756,157512,0.5,75351,150702,,
9,LE17-5,I6-1,CHLA,0.5,8093.8,16187.6,0.5,7999.3,15998.6,,
12,LE17-5,I6-1,PC,0.33,82225,249166.6667,0.33,85270,258393.9394,,
12,LE17-5,I6-1,CHLA,0.33,8001.4,24246.66667,0.33,8516.9,25808.78788,,
14,LE17-5,I6-1,PC,0.5,100333,200666,0.5,104098,208196,,
14,LE17-5,I6-1,CHLA,0.5,11678,23356,0.5,12117,24234,,
16,LE17-5,I6-1,PC,1,90893,90893,1,100124,100124,,
16,LE17-5,I6-1,CHLA,1,13373,13373,1,15407,15407,,
0,LE17-5,I6-2,PC,1,60824,60824,1,58369,58369,,
0,LE17-5,I6-2,CHLA,1,5560.3,5560.3,1,5376.5,5376.5,,
2,LE17-5,I6-2,PC,1,26893,26893,1,27116,27116,,
2,LE17-5,I6-2,CHLA,1,2858,2858,1,2744.5,2744.5,,
5,LE17-5,I6-2,PC,1,69486,69486,1,69499,69499,,
5,LE17-5,I6-2,CHLA,1,6129.2,6129.2,1,6006.6,6006.6,,
7,LE17-5,I6-2,PC,1,74029,74029,1,90978,90978,,
7,LE17-5,I6-2,CHLA,1,7022.5,7022.5,1,8125,8125,,
9,LE17-5,I6-2,PC,1,96549,96549,1,85656,85656,,
9,LE17-5,I6-2,CHLA,1,9430.4,9430.4,1,8742,8742,,
12,LE17-5,I6-2,PC,0.5,102127,204254,0.5,95672,191344,,
12,LE17-5,I6-2,CHLA,0.5,9546.9,19093.8,0.5,9044.5,18089,,
14,LE17-5,I6-2,PC,0.5,95986,191972,0.5,105080,210160,,
14,LE17-5,I6-2,CHLA,0.5,9813.2,19626.4,0.5,10412,20824,,
16,LE17-5,I6-2,PC,1,104150,104150,0.5,81793,163586,,
16,LE17-5,I6-2,CHLA,1,10771,10771,0.5,9191.3,18382.6,,
0,LE17-5,I7-2,PC,1,56477,56477,1,56445,56445,,
0,LE17-5,I7-2,CHLA,1,5137.3,5137.3,1,5228.7,5228.7,,
2,LE17-5,I7-2,PC,1,28831,28831,1,23954,23954,,
2,LE17-5,I7-2,CHLA,1,2788.8,2788.8,1,2633,2633,,
5,LE17-5,I7-2,PC,1,59181,59181,1,73826,73826,,
5,LE17-5,I7-2,CHLA,1,5564.4,5564.4,1,6037.7,6037.7,,
7,LE17-5,I7-2,PC,1,83980,83980,1,67659,67659,,
7,LE17-5,I7-2,CHLA,1,7552.1,7552.1,1,6387.4,6387.4,,
9,LE17-5,I7-2,PC,1,85761,85761,1,74867,74867,,
9,LE17-5,I7-2,CHLA,1,7959.1,7959.1,1,7373.3,7373.3,,
12,LE17-5,I7-2,PC,1,85328,85328,1,93198,93198,,
12,LE17-5,I7-2,CHLA,1,7774.3,7774.3,1,8138,8138,,
14,LE17-5,I7-2,PC,0.5,63103,126206,0.5,53558,107116,,
14,LE17-5,I7-2,CHLA,0.5,6443.7,12887.4,0.5,6413.6,12827.2,,
16,LE17-5,I7-2,PC,1,94815,94815,1,106042,106042,,
16,LE17-5,I7-2,CHLA,1,10655,10655,1,11019,11019,,
0,LE17-5,U,PC,1,53001,53001,1,52288,52288,,
0,LE17-5,U,CHLA,1,4211.7,4211.7,1,4316.3,4316.3,,
2,LE17-5,U,PC,1,38972,38972,1,38212,38212,,
2,LE17-5,U,CHLA,1,3081.1,3081.1,1,3017.9,3017.9,,
5,LE17-5,U,PC,1,74317,74317,1,70880,70880,,
5,LE17-5,U,CHLA,1,6217.6,6217.6,1,5797.6,5797.6,,
7,LE17-5,U,PC,1,93217,93217,1,95869,95869,,
7,LE17-5,U,CHLA,1,7590.3,7590.3,1,8117.9,8117.9,,
9,LE17-5,U,PC,1,80399,80399,1,90284,90284,,
9,LE17-5,U,CHLA,1,7016.5,7016.5,1,7959.1,7959.1,,
12,LE17-5,U,PC,0.5,98998,197996,0.5,97322,194644,,
12,LE17-5,U,CHLA,0.5,9220.3,18440.6,0.5,8979.1,17958.2,,
14,LE17-5,U,PC,0.5,74710,149420,0.5,73891,147782,,
14,LE17-5,U,CHLA,0.5,8750,17500,0.5,8790.2,17580.4,,
16,LE17-5,U,PC,1,67155,67155,1,66710,66710,,
16,LE17-5,U,CHLA,1,10652,10652,1,10959,10959,,
0,LE17-5,WC-1,PC,1,51646,51646,1,53610,53610,,
0,LE17-5,WC-1,CHLA,1,4599.7,4599.7,1,4889.1,4889.1,,
2,LE17-5,WC-1,PC,1,12248,12248,1,16661,16661,,
2,LE17-5,WC-1,CHLA,1,1416.9,1416.9,1,1721.5,1721.5,,
5,LE17-5,WC-1,PC,1,47862,47862,1,52792,52792,,
5,LE17-5,WC-1,CHLA,1,4253.9,4253.9,1,4650.9,4650.9,,
7,LE17-5,WC-1,PC,1,78873,78873,1,78402,78402,,
7,LE17-5,WC-1,CHLA,1,6703,6703,1,7215.5,7215.5,,
9,LE17-5,WC-1,PC,1,85545,85545,1,78566,78566,,
9,LE17-5,WC-1,CHLA,1,7379.3,7379.3,1,7088.9,7088.9,,
12,LE17-5,WC-1,PC,1,86173,86173,0.5,83306,166612,,
12,LE17-5,WC-1,CHLA,1,8683.8,8683.8,0.5,8224.6,16449.2,,
14,LE17-5,WC-1,PC,0.5,40962,81924,1,93276,93276,,
14,LE17-5,WC-1,CHLA,0.5,6267.9,12535.8,1,10494,10494,,
16,LE17-5,WC-1,PC,1,17918,17918,1,28831,28831,,
16,LE17-5,WC-1,CHLA,1,5096,5096,1,6203.5,6203.5,,
